,Sales,Production,Taxes Paid on Production,Used Input Costs,Bought Input Costs,Operating Surplus,Wages,Inventory Changes,Profits,Capital Bought,Household Consumption,Government Consumption,Taxes on Products,Imports,Exports,PPI,CPI,CFPI,Gross Output,Unemployment Rate,Consumption Expansion Loan Debt,Mortgage Debt,Central Bank Policy Rate,Exchange Rate USD to LCU,Firm Input Emissions,Firm Capital Emissions,Household Consumption Emissions,Household Investment Emissions,Government Emissions,Firm Input Emissions Coal,Firm Capital Emissions Coal,Household Consumption Emissions Coal,Household Investment Emissions Coal,Government Emissions Coal,Firm Input Emissions Gas,Firm Capital Emissions Gas,Household Consumption Emissions Gas,Household Investment Emissions Gas,Government Emissions Gas,Firm Input Emissions Oil,Firm Capital Emissions Oil,Household Consumption Emissions Oil,Household Investment Emissions Oil,Government Emissions Oil,Firm Input Emissions Refined Products,Firm Capital Emissions Refined Products,Household Consumption Emissions Refined Products,Household Investment Emissions Refined Products,Government Emissions Refined Products,Household Consumption Carbon Tax,Household Investment Carbon Tax,Firm Inputs Carbon Tax,Firm Capital Carbon Tax
0,826110439298.917,757388254275.1345,10612062422.024511,401945487773.98987,401945487773.98987,68342871714.811035,355822079810.11615,0.0,-12826774971.025904,68342871714.81098,222656829504.2961,121909363572.97414,25203972287.154297,147524112177.96756,143284401459.53668,1.0,1.0,1.0,836722501720.9415,0.06928532460447354,122928975746.53918,701570887847.5276,0.011947799144490283,1.0,90402675.7821475,2020615.1997707728,23303498.595785927,1045369.6354945148,677191.2871369125,30135237.904519614,265186.8072988806,2474807.4600779745,137194.9672136653,2808940.897363648,7255041.501890534,57666.17684299652,538159.0512341474,29833.72107344545,765322.3273589805,17552222.477044635,1420598.6665834498,4850584.564155174,734949.7867970137,627095.2873941539,37757372.66595823,279715.99657966866,15439947.520318631,143391.1604103903,508877.05700158817,0.0,0.0,0.0,0.0
1,838901703585.5593,757388254275.1345,10913944499.768898,408746706423.2102,408744352350.28217,68714308218.565834,361138806866.03894,1910636953.5731304,-10633682780.940855,67802199608.8995,249446116465.72656,121997234684.7916,25955690454.254677,149779363953.36438,124751776283.73317,1.0148983369400701,1.014942094258906,0.9920990465705161,849815648085.3282,0.07092198581560284,112684894434.32758,458233738796.13794,0.011947799144490283,1.104747132,79707083.65169038,1768083.341408795,22429345.997677006,780655.0749927366,551857.0159609339,27070486.130019676,238217.32589580445,2344690.202817166,11107.505845098454,2508170.107085877,6520542.350589276,51828.06303772992,4678703.654435408,649397.8494703157,683724.5247956464,15284407.871295543,1237051.858810302,535758.9344183751,27207.454917275987,542803.9461111922,30831647.299785875,240986.09366495864,14870193.206006058,92942.26476004641,439806.55176775146,0.0,0.0,0.0,0.0
2,824182615441.8582,755734420423.9846,13912643720.980755,400089104681.08685,400124616980.132,66581967671.282455,354512843868.2769,2040904390.813714,-13163386403.082718,67324793000.592705,247286165888.65518,123292103591.81941,25729626696.89305,147214994762.38733,117705481160.40503,1.000332032553583,0.9974057695536152,0.985264481515093,838095259162.8389,0.07146753955264594,98420067745.51785,454383035108.7754,0.011947799144490283,1.104747132,77680689.0458239,1758784.1795921999,18939226.300220504,821289.4089176158,609590.883997337,27344562.5273394,240885.6885809301,1610601.788037396,88125.49966360602,2648732.5098060537,6494430.841057367,51657.82618001911,4224286.840979065,599330.7422257289,711698.036046393,15300767.870819937,1242970.136514507,466810.237653041,24352.90438319536,569585.9205294043,28540927.80660719,223270.52831674405,12637527.433550999,109480.26264508536,425544.1002851677,745200487.7900904,32315220.191181548,3056496947.192839,69202765.08520001
3,822805314408.6628,754080300431.2937,15722708224.468151,402572851062.8523,402657315076.8009,63512210414.183945,354910188428.13916,4442293581.298154,-14710350556.166008,69163760154.69589,241261868131.0239,123233285017.08073,25367813005.77871,147314846759.37726,119132595672.128,1.0050335552230307,1.0041387004893236,1.0169696413997174,838528022633.131,0.07201309328968904,88153867612.77022,450532331421.41296,0.011947799144490283,1.104747132,77219500.71530356,1733534.1559800052,17658952.432770476,758150.0693528508,604039.4720629624,27027142.35535375,237138.84867048624,1293036.1906151432,72566.10312531993,2643898.4006808526,6635091.120286584,52606.40600531141,3884528.598882386,557260.2450722192,734874.5799441328,15029411.973410664,1221289.7512282368,439472.33812373143,23224.11054554661,567456.0301487254,28527855.266252555,222499.1500759711,12041915.305149216,105099.61060976503,429988.1449336354,1116258688.012979,47924224.55152338,4881203394.461989,109580257.9426473
4,807692026184.4276,750422782075.0254,16564125242.078283,397547232930.6549,397602200904.3009,59079733708.010895,350223642528.15173,1478347522.1695797,-16793876782.3208,67779652070.579315,241828590676.46722,113945959819.07576,25283823343.238743,144952544558.61633,121161276038.04309,0.9908962989106463,0.9956038077161329,1.0150716030179074,824256151426.5059,0.07146753955264594,76059663458.02858,446681627734.0504,0.011947799144490283,1.104747132,76270352.89465086,1686450.3139982317,16543120.941797908,719024.1769878548,620680.4644598033,27317173.68696582,237801.55019040802,1188732.751278515,67394.04646465431,2826229.9526199754,6672345.187127457,52218.65019939898,3679877.2563159377,530621.35353215,777590.5827960072,14728053.154833566,1184624.4643874923,419712.8660397519,22344.149918709736,586739.0027484057,27552780.865724023,211805.64922093228,11254798.068163704,98664.62707234078,436331.3554090032,1285185171.66997,55858819.72259618,5925213683.869017,131015238.53534366
5,807194881616.7157,749404090225.6797,17053694471.709929,398763188028.7239,398880758031.2175,57625878142.60072,350316246215.7596,2451782481.6385975,-18488759690.446095,67793093642.971115,237734621577.8061,118196945782.49292,24950050251.87552,144951772996.85995,119380910307.53366,0.9931656005497357,0.9961712113487208,1.0128429020326954,824248576088.4257,0.06873977086743044,66552205525.77501,442830924046.6879,0.011947799144490283,1.104747132,75403027.08291727,1652175.7023232481,16226755.952606674,690265.7690205255,649353.7269170939,26723773.233342573,233874.51076476157,1090655.2543522383,62249.39705154135,3004663.114213387,6831831.507927726,53529.16246503004,3508324.018933248,507247.5287794646,861659.8941458726,14161612.506006032,1151214.3452540478,417868.39588858094,22338.255750634788,616368.6394780301,27685809.83564092,213557.68383940877,11209908.28343261,98430.5874388848,475569.6884013974,1403070333.9749258,59684845.56615944,6519833705.575269,142857803.56926817
6,795805221013.7366,747400806568.214,17285912508.69774,395551692653.30927,395725835783.58673,53396437042.539795,346624873280.89954,3705872486.106249,-19598183251.5663,65610597331.500946,233840884782.5016,115070293847.26529,24801835718.07116,143058730283.90836,117752265974.17157,0.9809892675138038,0.9902500948496672,0.9806441757033013,813091133522.4343,0.07037643207855974,57011725301.31947,438980220359.32544,0.011947799144490283,1.104747132,73549165.74396683,1622324.3103456327,15413892.041666538,673166.7615518473,699989.3214878971,26771865.97895893,234246.05097410336,1069835.6662493797,61206.87331775903,3350930.5875415793,6849367.064538572,53885.62963200417,3437086.38567542,497500.99874773214,965825.4672729567,13790075.396765942,1132454.9345655155,412424.06495096575,22124.478946290328,675127.0825038499,26137857.30370338,201737.69517400963,10494545.924790774,92334.41054006584,500226.0205332402,1414864273.4637415,61790986.88562095,6751188257.508441,148915582.15633938
7,767683029890.3115,744471274498.3114,17159222110.24697,381886829567.3674,382016404453.3638,51760820862.251434,334162069859.1433,1489914176.9946425,-17117709045.767628,64031900769.942,235308676408.059,103701159353.18494,24178622253.074852,138198043688.49597,113271701604.43172,0.9495823909682213,0.9593896536920058,0.9574767746720817,784842252000.5585,0.07092198581560284,47509771084.43289,435129516671.9629,0.011947799144490283,1.104747132,74148495.75209655,1613695.1452007836,15289860.072772205,655257.8428559739,799417.3567691594,27320108.03623136,237981.4822584002,1048129.7922278163,60034.31915410812,3970989.7302474473,6900570.246455541,54570.159675018615,3324230.3511675857,481055.85968919686,1140888.9154035323,13458202.362058563,1116707.5270348573,406564.39622862265,21829.526028340704,776544.7535311205,26469615.107351087,204435.9762325073,10510935.533148179,92338.13798432815,591287.902524287,1452862276.3994021,62263447.58351244,7045685952.471265,153335399.46817818
8,743184801348.3673,743048520593.2731,17173278294.822529,372681863165.48395,372776309216.73364,48091084184.66225,322397797813.64575,3121328283.4456573,-14558951314.209164,59726918417.627,228816082072.16528,100782243373.94962,22588213319.884605,133856752845.49352,109423545111.49274,0.922291938146164,0.9291334242083987,0.8966064673467207,760358079643.1898,0.07146753955264594,38007816867.54632,431278812984.60034,0.011947799144490283,1.104747132,75847341.38769537,1682945.4298294112,15198707.644888746,669654.3475758417,1031788.6199991277,27927907.112949062,242500.18192349706,1028229.1541204944,58945.64307629975,5092848.320716033,7133439.660171995,56399.12337228068,3445264.142098377,498116.2270807798,1484067.1915089367,14121826.836889189,1178795.9581594057,409266.5924759385,21980.980103936745,1031712.6580113196,26664167.777685124,205250.16637422759,10315947.756193936,90611.49731482551,747167.9964077091,1473974644.2612317,64943253.84816715,7355695013.824765,163212488.1406014
9,753787896798.816,739018602368.9998,17371355558.720196,378055973972.3266,378164544646.14374,49636798740.91707,325897046821.6746,6742736154.571835,1694517090.3681793,61538253903.31858,214516568748.55945,108897434196.6789,23290652025.928696,135793770159.63211,113788254877.1642,0.9377374314543688,0.9383513663661603,0.9185947818184492,771159252357.5363,0.07146753955264594,28505862650.659737,427428109297.23785,0.011947799144490283,1.104747132,75394707.29657945,1609087.8828382913,15185380.211213918,616628.8674061068,1201631.6070155827,27268880.16623574,238783.9370645102,969505.5515534042,55599.66317455185,6147112.1250945255,6790427.201655433,54056.349944678215,3084196.754655135,446351.5678775008,1743593.6596674544,13082214.30610438,1096566.00791866,377940.3449190245,20310.81791900648,1176446.6928488533,28253185.62258392,219681.5879104424,10753737.560086358,94366.81843504761,980270.0994482426,1490725027.0877194,60533491.574232735,7401380506.361349,157961641.02359873
10,772382352451.6272,732361956753.6127,17329143758.89604,387898613570.41266,387987927570.73535,49188295835.20958,335337654845.829,6186197238.878004,-377073446.7345772,63550247136.55209,219114284610.64972,109478467269.8791,23278522660.394012,138740523711.59003,119552362578.00043,0.9712045183577226,0.9747282711615792,0.951796178096501,789711496210.5232,0.06983087834151663,19003908433.773163,423577405609.87537,0.011947799144490283,1.104747132,74641633.2395172,1616509.7776791044,15915377.985582361,643627.4423071595,1494049.5014444487,25465001.21493535,222739.24266284928,933591.6289114228,53531.41144601548,7086801.670013144,6624379.826934928,52952.032290828334,3251612.5109897535,469661.7806859878,2110905.1063600965,13116842.755019056,1111584.0400652103,383633.30169017485,20592.014128748262,1473897.5281119824,29435409.442627855,229234.46266021603,11346540.543991009,99842.236046408,1264210.8689057974,1573857410.6635711,63647738.72786516,7381243959.425066,159855197.61548325
11,786937018165.155,725605381679.7498,17807949894.45427,398802948562.91846,398784839196.3103,40392180790.53371,347263082676.1446,8741758888.178663,-5554659965.479977,62570964306.62471,238532701122.14206,90354900068.50502,24952966329.436325,141397637351.56357,122603077129.74655,0.9970693642072461,1.0065434551276078,0.9349145792032377,804744968059.6093,0.06873977086743044,9501954216.886587,414962469910.5893,0.011947799144490283,1.104747132,72800173.4110801,1540316.870395325,15945205.845376665,626230.8418243839,1771887.8905695912,24921931.250911362,219505.89574383703,976204.3485629144,55818.31529997685,8698208.040196711,6519033.664064544,52444.54047210503,3098879.4090789836,448216.9374332855,2603852.7627178254,12256438.380767507,1039641.8519078359,390399.0222940078,20956.31389010983,1716875.4994234648,29102770.115336694,228724.58227154677,11479723.065440759,101239.27520101167,1571022.8970765183,1583776789.350101,62201133.16029786,7230964970.111202,152993829.69608042
12,791000475773.954,716693987379.6543,17746015848.307568,401861958595.84766,401739376960.7994,42034037730.951225,347166413493.3017,898536166.3925201,-2601776093.6869907,63699058538.18446,246947892257.8414,93164703303.8177,24848711462.218163,142039530313.19693,121652329887.47505,1.0150759754858867,1.023757655227778,0.9567710954885065,808746491622.2616,0.06873977086743044,0.0,411155474773.7949,0.011947799144490283,1.104747132,72020079.56751329,1494428.0131034893,16847960.956052154,643253.205986975,2122112.3432735717,24420333.266114708,215201.25469453481,1011209.2895906594,57862.02797801621,10527666.883622766,6281454.542729534,50921.06247845483,3151595.0304774735,455471.429270807,3121169.3219263065,11689762.253926707,994779.343378321,398282.00964932615,21403.446953765688,2028082.1456421576,29628529.504742347,233526.35255217864,12286874.626334693,108516.30178438599,1980201.1210810896,1677910719.0420604,64062437.7157047,7172574996.334086,148832062.73826975
13,794780199890.1678,714689111283.8096,17587857485.357986,403246817087.8915,403025273936.53357,44966176870.58249,346725364294.64325,3041291219.3634233,934954263.9640884,63182529155.71851,234283740031.6778,104088618894.12819,25238387854.126076,142359405083.94275,121495041224.34435,1.0187282311510497,1.0290952281382584,0.9510530931981278,812368057375.5259,0.06710310965630115,0.0,407348479637.0005,0.011947799144490283,1.104747132,70928825.75729726,1461497.0071532885,16650948.840477854,640494.9629853362,2576509.1295671426,24587621.734573916,216662.00479800598,1041175.4662271024,59553.073122076305,13261984.385759681,6190203.127710131,50265.9191641479,3134733.887760777,452608.29888776975,3855066.9143454684,11349082.414148845,967302.5842230022,401669.2376302292,21571.464412252935,2467513.5748128593,28801918.48086437,227266.49896813268,12073370.248859748,106762.12656323715,2411277.7960170126,1660967526.479596,63890733.470169246,7075301077.6062975,145787431.8265616
14,829724412444.8232,711673548093.9092,18001175860.209805,419208733049.91174,419140100501.4254,48385296674.05001,361717064346.0095,13386724974.21003,2751734705.2201385,66066543626.03987,250000360296.65662,94618458948.47781,26260945537.15338,148159003869.1947,127466121532.52003,1.0654734757471194,1.0737612045288039,0.9913120400803234,847725588305.0331,0.06710310965630115,0.0,403541484500.20605,0.011947799144490283,1.104747132,67175707.34880027,1357315.1806962478,15814925.707758484,591266.9104400892,3042402.5646546395,23460685.107464086,207477.4197433652,985067.5850891097,56339.55638026241,16313306.394220091,5850230.76250091,47823.1728441305,2858717.6872602534,412155.39462680224,4711314.306292906,10308202.185992328,883455.5286520256,380728.90342296334,20425.51705320643,2894858.200225898,27556589.292842932,218559.05945672648,11590411.531986156,102346.44237981804,2978695.0130610433,1579114892.8615413,59037797.65934228,6707471275.7556095,135527453.98563656
15,846208077216.3768,700668449219.59,17943259932.975716,428454198267.3894,428336217255.77606,39715261285.68714,378096533590.5343,9356064635.01636,-9140674011.380001,70831289194.565,245429215555.12186,107777396280.3842,26857305692.65493,150850549905.56113,126655488700.57452,1.1051416912424923,1.12828689108994,1.0637762760918128,864151337149.3525,0.06710310965630115,0.0,399734489363.41174,0.011947799144490283,1.104747132,64476889.12278284,1324300.8059859325,16052458.348321617,604463.1553987472,3975964.074849591,22499992.83784307,200220.5889684322,1013948.6421018175,57872.33927535814,21247063.18296108,5894423.179904924,48384.87653250488,2963908.190530251,426254.4196718657,6433278.451420571,9896386.005169025,865694.7635502961,406154.5976121798,17387.928265098057,3828480.267882678,26186087.099865824,210000.57693469917,11668446.918077368,102948.46818642534,3862751.173526719,1603782040.1050968,60391195.63484969,6441809381.039672,132309319.99639846
16,836621229233.319,693018714024.4366,17770749613.219437,423491404368.52356,423289892266.2764,32153055757.273712,381149279427.27795,-8534003964.162186,-12857580940.295177,69068096529.51431,259917191863.0215,112423379285.24402,27437315211.048042,149183978486.26575,119992420600.21214,1.1077571524477772,1.1340924154095506,1.0349923450599685,854391978846.5385,0.06819421713038734,0.0,395927494226.6173,0.011947799144490283,1.104747132,64216641.478061,1315952.3218988893,17646994.85182108,634438.4587149831,5305565.028763552,21865691.88914123,198028.08302373893,1094039.7183234948,62448.7309320745,28507094.18331354,6064879.874879218,50144.995453587544,3129678.9068439696,450731.8200147811,9044536.190259313,9652964.800336974,851127.705494084,446868.16042273276,6678.857411459898,5106135.5850304365,26633104.913703572,216651.53792747884,12976408.066230882,114579.05035666763,5405974.763026402,1763723457.478846,63408756.07196472,6418112425.73561,131522448.92377874
17,842420614553.3304,698747235219.2273,18061351483.54861,425438554135.5486,425135860028.3941,34801195638.23203,381890262909.2205,-4483643013.680149,-10644852767.864716,70277112928.01569,259761329952.36356,113087407438.03665,27036689505.43335,150165574304.2675,120426982150.62659,1.1075877713084095,1.1348606107495758,1.0540182223368446,860481966036.879,0.06437534097108565,0.0,392120499089.82294,0.011947799144490283,1.104747132,66965077.363390386,1336596.4360202707,18435858.27450209,639624.5388186583,7316540.28450609,22180341.240099028,198524.78300474127,1096956.134118225,62528.58481726208,39231076.46222563,6167607.421296477,50834.333362782454,3130445.322190939,450286.78173980734,12586505.35534903,9740514.01011913,854441.2921965646,436679.5230970694,5175.850299124882,7036702.185601192,28876614.691875756,232796.0274561819,13771777.295095857,121633.32196246399,7974016.50775312,1842967373.3037689,63940996.868999526,6694261308.256037,133614805.78673981
18,818455413963.4928,700979555708.7427,17926217672.99,412190822786.11945,411826103295.88635,36507447795.444084,369892277192.4879,-4336550798.917271,-6979753538.133881,70048187712.93082,269922565400.42603,95491483653.5998,26768974662.162872,145664268609.77594,114010998414.0533,1.0727131780328725,1.0894223546193469,1.0449349947291349,836381631636.4828,0.06492089470812876,0.0,388313503953.0285,0.011947799144490283,1.104747132,68864826.59564891,1391195.1266594168,18750972.92839728,650588.1145438831,9767861.237529937,22161785.557370465,200271.58449784783,1089466.8872025418,62093.75634288953,50914128.17645922,6355484.832942506,52468.617907940614,3232590.830543857,464899.0832792209,16712874.021311717,10283501.32344969,895291.1419844421,436296.56132639444,6158.117859763759,9485379.538876545,30064054.881886262,243163.7822691862,13992618.649324484,117437.15706200898,10715290.21662182,1874715769.8518174,65045574.04413191,6885081478.1699295,139091206.24560198
19,794181705659.7828,703544174734.5315,17836139692.696133,401664829373.37787,401262820437.6524,33679966102.056248,358926988164.6427,-3009313487.0399623,-5533692089.75816,68000090412.88212,250535705328.21744,104176106786.7303,24980625937.98069,141432061996.85095,109971228973.71559,1.03853069886568,1.0562420920318223,1.010782662908946,812017845352.479,0.06382978723404255,0.0,384506508816.23413,0.011947799144490283,1.104747132,72067520.9824323,1492456.9543211597,18799557.5525819,647761.7260333819,14171966.958143797,22533156.62059634,204742.15027804536,1059066.400440014,60171.99057829714,69803100.4948055,6519825.505387057,53897.32116953944,3335012.7652489804,478642.0191615166,23023278.71074854,11324172.537508305,976735.8544191233,418227.01542258484,5108.960018232743,13877653.23056512,31690366.3189406,257081.6284544517,13987251.37147032,103838.7562753354,15192336.31998634,1879723750.286742,64768178.58856773,7205862714.378685,149227277.0500819
20,771137441692.9547,704785724999.9772,18014026110.960487,388352470929.85626,387916592044.868,40970833423.52412,341636250921.30975,176474223.33526492,6288509988.90797,65766559301.808754,248283899594.56668,101312885521.02565,25277502449.364845,137548733733.61133,99044953883.6224,1.0054113547359806,1.011504693264404,0.9818546337327282,789151467803.9152,0.062193126022913256,0.0,380699513679.4397,0.011947799144490283,1.104747132,74190964.58526388,1465353.9310024842,18937873.79608517,603588.7359820043,16319668.60603662,23420234.95836345,212377.03284297584,1082207.4759541634,61519.572194016444,87278584.10411955,6694163.962440379,55385.26627987736,3111725.918511322,447571.50882880273,28518516.398546934,11043738.890083985,930363.1780864819,429140.1466251189,5200.309800019196,15933974.014072502,33032826.774376083,267228.4537931494,14314800.254994571,89297.34515916592,19035702.665400684,1893645626.1577353,60354355.626061656,7418541125.580355,146524424.65793157
21,734188063208.735,704565795834.5531,17795961803.8831,369378429437.44977,368971405582.21356,38330363887.23827,326697334191.1243,1363933500.0321648,6902496582.377918,64778035417.10094,237877292608.93585,99632854197.68388,23661223749.6168,131090596289.47424,89422344916.769,0.9611681249959505,0.9601461799726843,0.9671056645264023,751984025012.618,0.062193126022913256,0.0,376892518542.6454,0.011947799144490283,1.104747132,76880752.70007873,1532182.2936544516,18154480.575351782,624633.8280796097,23472183.940438837,24329696.512957927,220808.20486146357,1028920.3941317094,58353.250789977996,124857060.13161926,7090039.34248466,58348.17888253898,3088522.9605319602,441545.12970004324,41338788.139395535,11539283.440898737,978626.8576228847,412445.4265610074,4623.192490392785,23061442.86989026,33921733.403737426,274399.05228756444,13624591.794127105,120112.25509919568,26894692.02030635,1815365636.3208787,62460546.97476876,7687726231.930606,153211273.26859364
22,724803620487.7438,702633776479.3029,17727292966.132023,365587639141.435,365157699774.4853,37006850551.25539,322277799632.8045,4049364850.268671,9838887086.885979,61077308035.071175,230905994801.37186,94119776279.88434,22880907452.382614,129352402216.77579,96881960009.45966,0.9504663528532247,0.9476563508816136,0.9163868628773779,742530913453.8759,0.06273867975995635,0.0,373085523405.85095,0.011947799144490283,1.104747132,77510406.66965045,1551687.291582111,17687327.144682698,610063.0799306416,25453398.050648227,24166405.23703155,220086.6211570841,974744.1107687991,55261.1318067858,133059515.34135756,7066707.075280139,58013.53067015787,3026525.8302682377,432304.79015625233,43945471.53050807,12042312.16128617,996600.1239455509,399725.21021199744,5550.044889755514,25109882.400955684,34234982.19605257,276987.0158093183,13286331.993433662,116947.11307784784,29026707.45860297,1768684009.8494647,61004628.0959541,7750827230.826312,155164456.36235997
23,705572130361.0787,697927922107.4105,17690966791.970497,352980442292.5965,352496624503.7981,37760343226.035446,314867671016.6083,4719883468.34982,12803380294.48191,60625369146.6599,227539972822.16693,96339775234.6038,22522922201.727535,125575865871.33598,86594208103.82095,0.9337050144195784,0.9298190105611305,0.9138722409845623,723263097153.0492,0.06382978723404255,0.0,369278528269.0565,0.011947799144490283,1.104747132,81805692.1799964,1650531.9099295978,19213760.455127653,660537.9973770495,34551550.43106252,24710593.633821126,226182.7621898232,1014374.4980572273,57454.08924891401,173947504.86750162,7120725.903486673,58628.022646297715,3267267.4250383154,466572.1547013108,56493240.16836113,13000051.343059203,1066350.008033613,423510.48533236404,8870.61963687783,34176684.11227536,36974321.29962941,299371.11705986393,14508608.046699746,127641.1337899469,39907513.42254574,1921343955.2649477,66052696.52690568,8180432588.580267,165050434.32394934
24,678086151981.6019,692623524649.9882,17835998926.375942,341337838935.6222,340701185261.5632,32761893062.68289,303841387848.8913,3876097290.5394726,13249887397.873142,57531478863.24159,220361819779.32724,95552612031.29929,22152186817.728897,120898998378.73294,78975694075.85902,0.9055073501602574,0.8989359232185073,0.870860900560836,695922150907.9779,0.06382978723404255,0.0,365471533132.26215,0.011947799144490283,1.104747132,82115224.54945508,1678985.206935765,18453485.608086295,219551.3183529509,40260079.14681524,25444071.573448054,235287.5363977585,1026797.9703987341,58165.89085950023,206526356.47394744,7378065.672542341,60826.83729947138,3249099.324019823,34531.92620100822,66896644.46566849,13299043.939503446,1090749.7698463786,413759.1722383497,5585.824164647981,39900022.3180907,35994043.36396122,292121.06339215615,13763829.141429389,121267.67712779451,44445265.43694174,1845329867.2549863,21954909.42775463,8211439271.454452,167896819.86584678
25,649173559309.3625,688111376785.0048,17866825363.672695,328839676451.94855,328141285552.56976,32731700867.399376,287571355552.7179,3458957007.238,16226677836.411865,56238782526.89738,208734237612.73474,94492938629.49544,21325940734.354385,115031687863.38141,71296998223.23143,0.8723473958306287,0.8579375768516372,0.8519791125501293,667040384673.0353,0.06437534097108565,0.0,361664537995.4678,0.011947799144490283,1.104747132,86838141.90357842,1772168.3595716404,19003056.462224424,382058.86942114594,48235003.92378626,26967214.40734623,251216.63844627907,1025846.3529174275,58046.90888983154,251665783.11343235,7300510.037936966,60399.375315565274,3269883.638066919,176709.24422746987,75812489.23078759,13942796.927896801,1145963.0492220498,410665.09213177196,21881.41381985515,47842937.200368054,38627620.53039842,314589.2965877465,14296661.379108306,125421.30248398935,54626803.070733644,1900293970.3410156,38205652.19703207,8683760835.159418,177215747.09929132
26,627841916359.24,684761317417.5704,17746739204.751915,318546113911.50195,317974242767.9295,29964453011.267597,279451435595.39124,8042929919.996068,16993536501.915325,55407260116.754845,203058285233.45947,86920540762.64949,20329534253.78611,111413795515.04597,67494529391.92682,0.8508881421959447,0.8334652720749385,0.8408881475828741,645588655563.992,0.06328423349699945,0.0,357857542858.67334,0.011947799144490283,1.104747132,89546545.19391635,1874662.8168254416,18828558.37655552,682997.7126634939,51828577.63037064,27735541.8413787,260851.8620090922,997377.150494845,56497.017630019414,262086272.27011168,7345490.293154356,60823.38941083963,3382045.9846529923,481790.6317989887,76569090.36848913,14918573.203725139,1229865.1285397336,403657.35946557124,21447.026459888366,51496684.409203745,39546939.85565816,323122.43686577544,14045477.881942112,123263.03677459755,56273447.01277536,1882848820.9048722,68299516.73679015,8954621148.499966,187465583.06073087
27,640471673462.5532,675277530088.7804,17564101501.69277,325343530426.3543,324682506948.0256,27405985911.849022,287904794827.4089,8563011258.971364,14334419599.501915,58686564644.6063,206179872491.40378,80633929222.36208,21407023158.33603,113311830961.89828,72716014842.53323,0.8794293839107407,0.8619599990326148,0.893783799694908,658035774964.246,0.06437534097108565,0.0,354050547721.8789,0.011947799144490283,1.104747132,83261567.74515468,1791079.7602381003,16648111.434717692,268475.4305922612,55192356.1970885,26100512.127214704,249622.5709056098,903844.9667995278,51113.3578806297,276417477.09693086,7118861.308467254,59093.988448691154,3113263.78888067,90038.11795069146,81989358.2995595,14451875.392486699,1189762.7985843625,379444.35591161984,20091.93633309617,54905200.27742894,35590318.916986026,292600.4022994365,12251558.323125876,107232.0184278439,56162009.210310645,1664807380.4501846,26847482.37493504,8326137954.658463,179107571.1807848
28,671997731501.2819,666235530088.9045,17338470075.241226,343372724129.03674,342721858965.19165,25820569374.4355,303030069424.26117,2578426755.6635027,13411196605.069195,60740909841.01742,222675090095.46643,82546599739.70528,22057592022.29356,118278117554.75705,77066651240.78625,0.9337570069097946,0.9138093489862237,0.9303622263434104,689336201576.5231,0.06601200218221495,0.0,350243552585.0846,0.011947799144490283,1.104747132,78370865.90319051,1667915.921877902,17817292.165678494,225954.93001742498,54789581.81343565,23901746.765492383,232980.3778719705,944135.5267415706,53516.72369343562,278677311.05159605,6783751.551157588,56265.66661337618,3140041.3115649614,34503.14885348694,84325373.22347769,13295873.516082713,1093768.5520267677,397609.56889417104,21124.76305458347,54522924.96716808,34389494.070457846,284901.32536578766,13335505.758477788,116810.29441591894,59069433.541307546,1781726773.8899903,22595462.024246056,7837075845.9939785,166791363.52334136
29,700992666256.1436,663614558452.0476,17272543706.188446,360162261289.6218,359487484199.5907,24859544595.637497,316036786739.93695,2693866290.15308,12916051432.317406,61842629994.21986,227201727203.107,89105221498.06071,23225181352.4152,122735924368.95145,79331411902.01822,0.9752700514127794,0.9563297727571319,0.9579111030950807,718265209962.332,0.06492089470812876,0.0,346436557448.29016,0.011947799144490283,1.104747132,72978568.16249055,1555508.0511877795,17469889.61265082,641863.873765029,59059683.89974317,22444302.274720374,217128.9959839402,963903.1776310802,54555.5132675058,298807688.93572223,6308227.429607183,52147.42192656149,3174983.7228442426,452928.2472732881,89916485.65684746,12660096.684260713,1025421.945892593,393847.4663893976,20924.827660542433,58809569.46441007,31565941.77390229,260809.68738468486,12937155.2457861,113455.28556369273,62213370.91890392,1746987508.5935886,64186334.003678426,7297850747.871524,155550675.77381623
30,704106136842.2065,661618369168.0527,17609589572.54177,362857053713.97955,362274475744.27875,27088627251.570793,313823410010.3031,-2708723455.9734144,13645959805.922276,63895367460.39678,231865228415.3842,92715928716.21384,23817948355.670647,123134555748.46915,74719908889.8577,0.9833926130152384,0.9556500189684394,0.9915981570968602,721715726414.7483,0.06601200218221495,0.0,342629562311.4958,0.011947799144490283,1.104747132,72958638.42445669,1506307.802543849,18564196.295383006,658877.2741503159,62502802.44023374,22502546.14050363,217252.07865871303,1044207.8404952586,59085.79964496662,333660704.7172914,6446784.096378608,53236.87715058443,3186265.955339837,455046.5531743617,102443930.23404923,12039808.644596511,972503.6991508198,428762.5253775936,22782.711502628732,62244908.36569696,31969499.54297792,263315.1475837317,13904959.974170318,121962.20982835884,70097581.77948269,1856418693.2573998,65887694.18471028,7295860162.793794,150630704.28410298
31,721533765013.9878,664321530889.3108,17542785414.466084,372209900194.7615,371463476892.1063,30397316525.51752,318993352451.78436,4073930201.745739,16811697829.29169,64947274542.03562,234157535901.11255,88230882090.90839,24110162683.73402,125998315495.8075,80250637841.52121,1.0042530498384745,0.9694330974957702,1.006349420545636,739076550428.4539,0.06601200218221495,0.0,338822567174.70135,0.011947799144490283,1.104747132,70899520.20663781,1472107.1624169587,17636459.182729047,633466.3982475444,65589179.62884421,21944990.18944865,212520.43325633794,998930.3710923595,56480.17974314871,350076043.79756206,6405382.972836671,52825.17352430477,3087979.688087846,439832.5039500901,109027277.9924802,11709610.021462722,952147.0900401927,413941.58582687203,21997.0638762492,65363784.869551495,30839537.02288977,254614.4655961233,13135607.537721967,115156.65067805642,72699402.9405229,1763645378.7695258,63346620.44687033,7089949851.831007,147210671.2095962
32,716562072530.7598,660044403935.4219,17452706878.63512,369485398045.9887,368557051950.1579,28099411721.972073,319067341298.62976,-5564399175.148795,21660353435.197052,64121172567.23669,237886624790.77972,96906274030.5104,24262795320.834267,125043288399.42119,75135150168.45357,1.0039718269495728,0.9677248679187197,0.9918758646776046,734014779409.3949,0.06546644844517185,0.0,335015572037.907,0.011947799144490283,1.104747132,69992811.40034944,1406821.8375096081,18326898.32195445,479411.00239829574,73088467.04971041,21368439.957547422,209156.46201292088,1016834.5072488154,57453.17048321058,414394041.3610881,6298952.234865816,52234.13726450616,2933000.1750301365,277408.3600185254,129666915.0324944,10807188.23068198,882303.7800871629,418782.7561782843,22259.036404368417,72850376.84978056,31518230.97725422,263127.4581450187,13958280.883497214,122290.43549219135,90363793.80826169,1832689492.1597564,47941091.34487924,6999279841.394366,140682157.64890996
33,708382274128.1385,665087163270.0388,17710475933.76551,363751935413.976,362692897612.7259,32454876235.489243,311917693423.54297,-1159017326.064721,34467926819.23619,63770452325.06045,227647651796.84985,100289971674.98274,23660402000.87213,123376684872.09557,75388449905.0681,0.986211731409661,0.9436351507291588,0.9826432658449966,726092750061.904,0.06437534097108565,0.0,331208576901.11255,0.011947799144490283,1.104747132,70987854.45156671,1383853.764248394,17845878.493375346,320040.8119392443,73478542.52591105,21920841.043744862,213546.51673630913,1009840.8848020865,56897.79829922117,443012476.902582,6396069.502468263,53437.87285057625,2750870.0081914393,121496.10469539913,138900933.8605499,10385610.297653731,847361.4114308365,414079.01069601724,21956.340793216033,73259440.26413691,32285333.607699864,269507.96323067206,13671088.589685805,119690.56815140792,96912799.32311541,1784587648.508629,32004077.59233956,7098784646.293611,138385360.8516169
34,674402032737.9904,666049275380.6561,17446746757.41047,348227566725.4946,347317139765.91656,26327720063.231384,300110475125.6194,-557056037.9385878,32778140840.532543,59828549504.698944,224880945198.54684,91902196879.73656,22892137506.22358,117673530950.28545,65921602743.406715,0.9399923624216805,0.9047839157589929,0.9159090984380234,691848779495.4009,0.06546644844517185,0.0,327401581764.31824,0.011947799144490283,1.104747132,74812017.62030482,1460106.7105911435,18841715.778677437,225250.1340018218,73500538.98628043,22425125.2310185,219927.98470065728,1019112.3514434944,57457.38476036639,433860341.64567417,6947720.914573587,58332.03389509338,2876269.3218813585,28148.35722984893,144181359.4844144,10875796.905222941,891563.8703888329,443185.18919264997,12612.991268879781,73298209.81846543,34563374.569489785,290282.82160655974,14503148.916159933,127031.40074272669,99260593.04389712,1884171449.2616649,22525011.862714104,7481201251.393322,146010661.09300506
35,663732530941.1125,666471229017.8989,17383731485.104397,345071471481.30176,344293413524.9429,21359117429.65591,297364957302.4609,4288150230.933593,29459059683.989433,59557417253.84534,217869125203.70694,84046026293.14482,22613188724.826454,115829641584.42108,65666295933.17029,0.9236028033751534,0.8905963081281054,0.9093168199024417,681116262426.2169,0.06546644844517185,0.0,323594586627.5238,0.011947799144490283,1.104747132,76898927.18548477,1522354.8981398419,18558311.360974822,294088.4693973344,72666936.13620888,23249978.895488918,227688.75456477518,1008317.6076620336,56750.41576721368,421830680.7451766,6812375.509719592,57242.49490819741,2916764.502098611,90945.40017902723,132876345.08176053,11393266.437440215,938871.2441107575,412380.7681564274,21892.52406440364,72489326.97896679,35443306.34283603,298552.4045561119,14220848.483057752,124500.12938668988,95874525.1732142,1855831059.267229,29408845.72222549,7689892400.191708,152235483.5115297
36,673789362727.2998,662407488977.9724,17661468474.58563,352894294236.7492,352085309210.89404,18974224073.458694,301643107427.6108,8454468333.111267,30329175928.212643,58993214216.20732,214341929247.47003,84420716064.03525,22481043985.68647,117293644314.38342,69924775151.83394,0.9418145728739523,0.9039889936541259,0.8985498813989448,691450831201.8854,0.06546644844517185,0.0,319787591490.7294,0.011947799144490283,1.104747132,76932521.15982296,1494752.6508048296,15675378.150478404,201837.96969088033,75722962.55262703,23630452.5655793,233176.61182631194,1001991.8229602573,56439.112455400886,468367423.14569765,6511211.779423896,54930.274511913245,55107.448407995704,0.0,138243907.1961467,10903915.200773343,902763.2629905046,393864.99229972414,20868.46848304015,75569581.70913573,35886941.614046425,303882.5014761003,14224413.886810426,124530.3887524393,105801897.40314259,1567537775.686979,20183796.46227306,7693251922.8048,149475261.32716033
37,666661307671.0625,654810670497.9882,17317924753.489132,351517935804.71136,350683324986.56165,14073836322.750244,301413079264.6975,678807198.5198928,29402611422.828354,57336736784.52958,220640843758.31204,80376780809.84712,22959769268.54413,116107469938.13931,69263459161.29684,0.9408964255039759,0.9041569937552204,0.8737299125925767,683979232424.5516,0.06710310965630115,0.0,315980596353.93506,0.011947799144490283,1.104747132,74154821.3267142,1496583.5424629508,15462157.574217359,202146.00411263335,75454722.01707393,23076483.76799022,228847.55941621657,1016823.1605689102,57498.93245111525,446074676.402742,6222797.661813098,52770.33115113535,0.0,0.0,128879440.14719792,11151547.417599259,927374.5877176634,401480.56463605276,21288.14989100361,75333461.38614357,33703992.47931162,287591.0641779356,14043853.849012397,123358.92177051451,97167883.30672023,1546215733.8729012,20214600.10339538,7415482019.733777,149658351.96700138
38,639450634754.3815,655045218837.5581,17033150555.008587,337580820549.13745,336792775966.6514,12498520695.23843,289656067708.48596,-3093104999.024545,32433130976.128136,53748992152.9347,222857902168.2149,72675250628.42651,22391514081.238297,112036197611.27457,64814914444.96645,0.9054139417666105,0.8778277407728465,0.8209449430372014,656483785309.39,0.06710310965630115,0.0,312173601217.1406,0.011947799144490283,1.104747132,76401875.58959174,1547341.2312064834,19542852.275734216,244813.75168380473,73018339.7309557,23489407.246353123,230698.7974713308,1054368.9655929087,59621.92181243236,418097526.91509163,6425985.53252044,54631.5046326032,3131788.7037097365,31530.70368930831,124053198.73073062,11580326.755775087,965512.839078159,427925.54105104017,22673.337653078135,72922536.8979515,34906156.05494311,296498.09002439084,14928769.065380532,130987.78852898593,93140858.89720137,1954285209.5208101,24481374.942235004,7640187488.383327,154734121.69129968
39,649110099740.0262,657606752427.2786,17203612603.006268,342514183097.7796,341847934406.014,12986134703.985233,293439319890.26373,7118949555.943215,33368996927.034065,55355719875.59789,217782420267.59946,65854250357.68519,22259131703.505302,113929982600.12357,71170196880.90044,0.9152238026161753,0.888323795267182,0.8467944904443339,666313712343.0325,0.06764866339334424,0.0,308366606080.34625,0.011947799144490283,1.104747132,77558780.1306453,1596982.8976565972,18448096.088174663,258920.30390889573,72314105.7063528,23456140.564630214,228282.35713056015,971647.7537868858,54696.42287093587,389836176.23831147,6382250.416426921,54131.62818812319,3061783.236815029,60916.19315884955,115822628.82040927,12234412.215811627,1014993.3425817413,392965.5090385949,20749.227862741296,72234460.20715496,35485976.93377655,299575.56975617306,14021699.58853415,122558.460016369,88675215.94777326,1844809598.4813735,25892030.245821796,7755877969.609924,159698288.87090272
40,643676390967.9312,649791294806.0524,16740037026.879894,340091009138.39624,339510784043.85864,10607356795.87904,293441600609.78217,408308226.33189857,32163812915.739372,56892198858.050514,221696860017.15698,63761464062.472206,22310596800.90665,113404759187.10422,70329146132.48717,0.9182483325857725,0.8882079856651519,0.8690919691087543,660416427994.811,0.06873977086743044,0.0,304559610943.5518,0.011947799144490283,1.104747132,75754306.20437068,1619065.8934647369,19188410.622460283,246577.61473648716,72196854.92954862,22385950.728719905,222447.80009206448,999073.5119577212,56380.0614322175,367864631.92176443,6337904.281356268,53997.57946863989,3277472.746345074,41192.85407215587,111883681.80591214,12590867.972718434,1046690.316598761,412447.9348066092,21835.319864056735,72135587.60262285,34439583.22157607,295930.197305271,14499416.429350879,127169.37936805707,84827227.73682033,1918841055.7252924,24657761.38985504,7575430594.693726,161906588.79627174
41,626385777530.4974,649323205353.2416,16569500651.162153,333703341722.6236,333213449854.6005,6726188711.63628,286126783471.9553,469256348.993639,33025925641.67776,53210964122.0679,220332839712.46835,59480813407.04905,21758331430.2845,110802531642.70743,66664293401.723816,0.8956429176791256,0.8637108219911459,0.814743504066425,642955278181.6595,0.07037643207855974,0.0,300752615806.75745,0.011947799144490283,1.104747132,75876634.10072814,1673238.4173475122,15491985.865122529,201009.3434752873,75464027.18051074,22366022.560916368,222045.35125986882,997027.5145965936,56100.846861653445,363395861.2789558,6389525.633018572,54311.314375131966,0.0,0.0,111368185.06845757,13347143.95446254,1105677.6023537312,408679.20591984654,21601.641811676385,75411616.71163148,33773941.95233068,291204.1493587803,14086279.14460609,123306.8548019575,82607964.48392737,1549198583.3191166,20100934.30609762,7587663394.433475,167323841.3898711
42,623353811739.4697,648175793386.8685,16438683865.258333,331867741282.0494,331325973661.1066,9945742834.792347,281671144408.53174,1529664930.1114113,40859603366.60385,52698339970.73125,213392138360.42764,59884297808.62691,21677306524.89447,110277745723.05682,69893330587.32275,0.890009659084522,0.8553652716688535,0.808278389376101,639792495604.728,0.07146753955264594,0.0,296945620669.963,0.011947799144490283,1.104747132,75718450.21626016,1699830.2037426436,14757647.379108181,192943.58444302,76001687.10955101,22926886.163183995,226920.84502972692,991556.1493405334,55661.364832907886,363900718.9401664,6251807.185770124,53249.37256900484,0.0,0.0,106993046.50292018,13765787.502706774,1136520.7050845567,389119.6186543064,20526.05834022685,75955166.70184779,32773969.364599295,283139.2810593552,13376971.611113343,116756.16126988524,78703621.54554537,1475764736.0658865,19294358.4201811,7571845012.160052,169983020.1617596
43,595656273068.7162,647076583002.8573,16313546740.62165,318159930250.48804,317687341814.48956,6159738785.417461,271461741157.4474,-889322589.6021956,41542068339.18869,49692740806.042274,215090122025.94653,45535111431.887115,21316971385.192886,105237136054.50046,68293991047.260124,0.8495337284233645,0.8267642650204485,0.7649661629038748,611969819809.3379,0.07037643207855974,0.0,293138625533.16864,0.011947799144490283,1.104747132,79711797.9191333,1867497.059450908,19267077.137150478,374923.64792216173,72569218.32031988,23937472.00052633,236991.19627578143,1028104.1815720681,57797.667958994585,321512620.25272995,6310804.469998479,53679.4965948402,3789771.728013313,173655.1891263883,91244518.43402524,15552256.34709943,1283094.4016829152,396855.3701960842,20921.03211348149,72543059.74813473,33911265.10150906,293731.96489737154,14052345.857369013,122549.75872329739,69072168.79081146,1926707712.25411,37492364.76378737,7971179785.869136,186749705.80348673
44,588103625810.0104,649600357481.5682,16369458026.121105,315629030718.35046,315153271052.718,7530796137.807629,264887887668.3527,2167628994.9560976,46378897473.7422,48924031902.96934,206523619275.376,46651354358.940765,20707953135.21822,103605703469.51132,67095481875.734215,0.8335593529050084,0.8075843042228686,0.7544908583276442,604473083836.1315,0.07146753955264594,0.0,289331630396.37427,0.011947799144490283,1.104747132,82364891.48088804,1921097.275191715,15423353.783419935,199847.57650621267,76369235.60818793,24978142.801961496,244942.6901839646,1011426.4260494573,56907.0730365807,340130824.0389618,6412130.906991318,54560.636783969625,0.0,0.0,94927813.04367486,15933424.351869723,1319274.2363212388,393385.0663066964,20712.319894090244,76346307.45531824,35041193.42006549,302319.711902542,14018542.291063778,122228.18357554174,72766928.45115297,1542335377.632665,19984757.641430166,8236489144.3007965,192109727.43081915
45,588197162624.8527,649576457019.6683,16121272204.96698,316596156150.9943,316276903650.0545,5451745915.96685,266397446379.0456,4253955415.81075,45690095745.97528,49323294997.86248,205482816587.0512,45803567326.80958,20538511672.19133,103826210890.4713,65997216852.44415,0.835607731813841,0.809568703478584,0.7580755327032624,604318434829.8196,0.06710310965630115,0.0,285524635259.57983,0.011947799144490283,1.104747132,80545745.88315341,1901258.9187711715,15098858.719251364,193178.00044234804,76364169.14971158,23427915.9993042,229345.97131726268,920238.0345063295,51864.743484154256,319745532.19423294,6537301.48785142,56164.728532743735,0.0,0.0,98109162.98257732,15727227.347077463,1314015.702520761,399641.3808549392,21054.503690556434,76345838.95237172,34853301.048920356,301732.516400404,13778979.303890098,120258.75326763734,72915784.75437798,1509885871.5039587,19317800.03884617,8054574586.068543,190125891.82408217
46,581911490590.7119,645924463702.9147,16046962784.428211,314438439853.401,314203973612.8128,578565591.9024429,266968794565.9472,579190345.9392841,48869400206.05795,46705683827.382,211061779946.74887,41360825411.64984,20651569851.536613,102752473632.03416,65204619395.93385,0.8279776786972213,0.8201313828888773,0.7200490671572118,597958453375.1401,0.06601200218221495,0.0,281717640122.78546,0.011947799144490283,1.104747132,81625975.64959006,1923232.0579715418,15804756.907386232,203807.3299459745,76614319.23864505,23866119.280070323,234000.08145475137,1001180.2995955695,56292.122366681055,324672216.98546696,6580684.216150669,57016.30762213032,0.0,0.0,99119874.68767741,15782382.471452236,1324674.33467558,411979.4274289375,21760.052201142636,76596634.43877035,35396789.68191682,307541.3342190801,14391597.180361722,125755.15537815078,73963709.22333771,1580475690.4712229,20380732.99114924,8162597563.577978,192323205.76461506
47,572069349960.8307,648012119914.3491,15897929760.993196,309425383257.39606,309134605876.0122,1116636696.7557602,261676363030.11383,-4604719539.231136,50947682096.326065,46058271964.93957,212266014426.37433,38556429351.97755,20591475558.4002,101317792955.33524,65902989135.967415,0.8144024989469539,0.8029781339402892,0.7117720715147671,587967279721.8239,0.06492089470812876,0.0,277910644985.991,0.011947799144490283,1.104747132,82390218.3039682,1937691.4688960456,19987713.185879625,376130.2597374397,64242569.11694075,23833139.33456154,229211.8448235374,987446.8478975527,55680.69833636533,263436079.05386725,6698330.395544622,57863.340751367745,3866171.202845194,169122.7327801581,83324792.0839099,15936731.921375627,1340986.7297371998,424426.242790881,22472.237948016977,64229438.44423552,35922016.65248643,309629.5535839408,14709668.892345997,128854.59067289927,61683168.50925732,1998771318.382851,37613025.969884165,8239021829.551342,193769146.8697202
48,574748978672.4006,652973357481.2063,16020860231.986238,311678305181.99194,311451933023.04034,2588145765.041065,260359597254.37454,760877262.516826,55235352859.69539,45997799299.37627,207358939743.2932,36027573425.665215,20439747865.521507,101876742746.27501,69197335547.12424,0.8100029776698933,0.798969349134078,0.708260523201638,590769838904.3868,0.06437534097108565,0.0,274103649849.1967,0.011947799144490283,1.104747132,82434061.02873537,1946137.482725172,18690878.662711255,736265.5540424893,55459162.91740205,25150168.8959825,240507.7973759163,1016495.7849356981,57096.20860258771,236527581.67342517,6896918.805967701,59827.118797755546,3775050.1781028723,539038.5101803968,73719648.55344307,16166031.22934296,1352847.1388741576,423618.41093541693,22382.466242639523,55446330.03430014,34220942.09744219,292955.427677343,13475714.288737267,117748.36901686518,49939046.92360512,1869087866.1547909,73626555.39966631,8243406102.3604555,194613748.26040417
49,580640447329.9381,654204975703.732,16194471111.612513,315527937984.20734,315388526200.45557,885875711.5843353,264053022754.5201,3842281681.0415535,55750176646.0473,45386644881.559006,206359118604.5371,32432658398.10403,20509008817.182636,103474038561.15656,75506535921.71382,0.8181715181754453,0.8048234067048482,0.6989135338201807,596834918441.5507,0.06382978723404255,0.0,270296654712.40228,0.011947799144490283,1.104747132,81766466.36161205,1890082.906857142,18224168.64053055,233256.08680865797,41858770.33205311,25425264.18624355,241956.6993321154,979791.8439214011,55095.196457428174,186966471.71448562,6852354.803024969,59155.84241564127,3544016.7289704294,40868.8016741146,57273834.70393392,15512138.43115374,1299519.2942035894,408269.62364152627,21572.19828522417,41848535.14542075,33976708.941189796,289451.07090579544,13292090.44399719,115719.89039189102,38769242.199657805,1822416863.984256,23325608.67998522,8176646635.852525,189008290.67857885
50,599141119345.123,650433154646.2385,15888318280.64119,326159614747.018,325965608702.349,600131659.6793938,272687525769.39688,1772159681.0513582,55089857965.462585,47011766645.6532,215721996046.51248,28207459164.415443,21207994830.797142,106537093793.21841,81270893752.44427,0.8470759230947399,0.8354952498444708,0.7289979311166491,615029437625.7643,0.06328423349699945,0.0,266489659575.60785,0.011947799144490283,1.104747132,76844535.62258658,1778346.2673680119,17926516.40827208,228281.1646220942,32145232.158021573,23469482.420893025,222543.84495470353,933475.6947258259,52627.953659685874,139982843.69187313,6583805.413572373,56809.759747864795,3512783.6890404983,39996.91159670503,44772847.365991004,14652393.933203807,1225987.3049587915,409071.41938910645,21652.561614838505,32137837.122752286,32138853.85491739,273005.3577066523,13071185.60511665,114003.73775086482,29765725.004455768,1792651640.786161,22828116.461686715,7684453562.082704,177834626.73272923
