GDP (no carbon price),A01,A03,B05a,B05b,B05c,B07,B09,C10T12,C13T15,C16,C17,C19,C20,C21,C22,C23,C24,C25,C26,C27,C28,C29,C30,C31T33,D01a,D01b,D01c,D01d,D01e,E,F,G,H49,H50,H51,H52,H53,I,J58T60,J61,J62,K,L,M,N,O,P,Q,R_S
2014-01-01,20422.745402652232,946.0910821273673,1332.6453153542082,6241.754111772959,35621.57626110399,9101.353301732044,8476.312921723873,27187.478177469096,1558.44554034868,6894.233360268135,8864.135120498097,18845.176109456293,11132.91489363257,3041.6030055505644,6897.2821033096425,5427.356139270396,16928.254099824713,9262.129720389084,3568.710010369343,2434.707931473462,9646.152196640161,22513.530996890662,7619.2965789538475,8682.222237812775,7648.696632208905,2024.523503924129,2479.4558622694776,100.05531512519978,845.14808733466,3671.476654261219,85944.22064549984,80933.70904739093,23001.710109875155,1469.394166388566,5581.726985488006,8778.410664907226,3577.108298066773,20391.222934649166,9685.379999702047,14173.172510507145,13032.335858241813,60370.69655278178,71002.89110589391,32002.20411363866,23693.299821885405,58535.820964114515,31329.211383424336,49269.6008898505,17308.002829313653
2014-04-01,23089.835803476828,1051.68997075577,1288.6700567684886,6647.326532376844,35941.68600552438,9205.41332192715,8794.622806116126,27840.054074412375,1699.6517275608146,7275.947116517396,9066.820016158536,19584.733392700466,11507.454043571877,3323.3483620831216,6940.400297768132,5604.260745995837,16475.649673968393,8214.599046090723,3746.812051730843,2582.307881918355,9443.132152266273,25486.696251589372,7183.086025664276,8847.241641539202,7703.500980984585,2216.0390403200495,2706.01345540581,102.5123832731443,875.4923005854821,3567.025983981726,78723.92974855067,80852.34813560819,23568.204134045507,1585.8012229771368,6015.998202371914,8751.997439865003,3581.8058671463054,19644.462276126105,9147.795591503398,13180.255535027429,14542.083242988112,59813.645555694355,70606.08551915237,30497.968222508414,25024.945261409448,54709.89472083132,31512.990157799963,47848.68171178547,17937.119439846196
2014-07-01,23805.904588091897,1051.126847611045,1236.4821613040397,7067.16357042403,37672.82824589075,9499.780089166175,8996.720987004926,30413.085142646883,1510.9494805971992,7288.916242323057,8581.28891204457,20231.62638159087,12463.87742178493,3247.637877431158,7624.484977516777,5825.70469686591,17473.310228165647,8722.85961787218,3899.793384165852,2512.269856971933,9288.970405053979,25970.57061212858,7158.602448503223,9284.561741164976,6971.054121771787,2300.5719957833026,2748.3889777141903,103.37337699107597,889.2766267691953,3241.261167490161,83139.57790458915,82642.86143232885,27005.508719953796,1676.7333915756742,6205.798792087141,8447.105894658518,3493.606160883117,19107.633672442436,10234.1030751322,12896.49134562914,13524.659703955973,63863.80362898414,75210.25244077518,30971.539392055354,26742.99648008246,56607.79348504369,30115.947173943707,53982.19410930242,16280.150826484638
2014-10-01,24296.130821961797,1025.8532342894146,1304.4875272960335,7270.781912723865,39059.95171087657,9390.972137538762,9752.89023543357,30010.812148367844,1503.4031862060974,8044.0755032802335,8424.485673437037,21414.052297675615,13088.742621815863,3305.228999413311,7389.848942763126,5773.65798424009,16072.403939641767,8528.827393806469,3980.847803706723,2718.9776170512546,8754.644271721065,27783.640438187846,6766.795050307891,8785.422810892313,6301.660145932644,2143.5252337627076,2623.9014297777107,105.7571234224104,905.2843243178496,3239.796768934652,81133.7921071839,79567.1758721436,26563.08951694166,1592.4667771350303,5711.700733601786,8316.050608260737,3111.226411471952,18697.547349619716,10315.524461938074,13624.757417946661,13032.465426320603,65341.16757692614,76102.52107462149,32206.672157711004,25415.842597027116,54844.704190182,29344.390526091738,53798.619865108805,15641.599190577239
2015-01-01,22936.501228041496,1042.22051014581,1355.1521076545503,6883.366186396209,39101.561915681064,9312.908599778304,8442.378544681666,28552.896805646593,1515.0395859279854,8422.999907140837,8487.133387468179,21398.958278599126,12871.165849797839,3260.286442219128,7809.1874404981945,5536.42444979326,15669.628275819194,8588.421746830349,4353.905359250196,2729.4137072858307,8780.579710836033,27110.525614453967,6611.258108426625,7767.656130207107,6522.517519834804,2039.5278911554874,2661.6562445301233,110.65758893839381,836.627438321985,3404.500699642433,79213.37658369224,82440.41910765818,24528.068400318563,1574.4314804254007,5707.443372049257,8238.41851306261,3262.219274489862,19530.712232338778,10671.415709577634,13658.53593983895,13742.641858077624,58924.96438811742,78658.43108389211,31813.590556887983,23991.668471463643,60797.437820994586,31577.631399398942,54883.86137593178,16293.908017321388
2015-04-01,22683.2792404026,1087.9858914369374,1304.3576256931767,7233.287844188362,41008.84057314057,8698.74749783746,8789.057245526692,28148.42798429094,1548.1419000159106,8728.451180779493,8415.623624868746,22085.98019267431,13425.36829442075,3304.196308948749,7790.038714678637,5706.845628403841,16413.382639703257,9214.79488383604,4762.567741010825,2645.40631629768,8744.511802147716,29079.856769468897,6860.752119607112,8463.164078813663,7043.46555478011,2039.2345221523444,2531.5777975642504,114.3591622615447,857.9895244695641,3606.9012792516123,73785.65334282692,90532.53114092007,25090.27404437002,1652.4058563844528,6088.24594358865,8952.626200979994,3049.3562611075095,20246.997405790884,11097.012855168907,12436.657855699743,13984.791750491286,65986.02229237057,81547.03407419503,30349.460814434922,27291.13859389046,57416.68697097226,34953.08769411066,56468.43465850529,16202.594769545134
2015-07-01,22082.01181381487,993.8460760306433,1295.586321375048,6817.003595201534,38310.697289743905,8753.027490637434,8553.346144458552,24067.661951218462,1548.314578082194,8141.3288273964445,8060.947487363351,22486.485861287347,13870.511403590062,3311.2997862156976,7643.848445974018,5763.012461711079,16922.361192006476,8926.597851214165,4817.493085151243,2746.761576843458,8541.79578779527,26860.337736564205,6532.336241337061,8308.151299175148,7755.445263311019,1969.815024409391,2385.3253750452477,114.79284936800266,761.3245349989477,3506.4850314872965,71467.90913035162,92271.03831281346,24329.04369932902,1537.0967011460589,6095.917927544606,8395.105016298847,3085.547413177271,19559.441876562927,10988.6649663749,11433.078318242096,13472.950571555415,62133.99672605404,80096.62334775158,28357.6216389087,27043.59320639277,55254.038960348815,35192.44940694841,54710.042636119215,15863.51507123801
2015-10-01,24762.209217252075,1005.9679949585403,1419.8688291408428,7074.676694601436,38737.06787604156,9178.131968059146,8487.324123702821,21899.119034456955,1683.0033556477658,8585.828632401668,9389.50149095665,21002.533391289635,14146.959955759103,3614.4010464424937,7941.233698645035,5740.192394637734,20040.74204443772,9118.93427093054,4836.78213854419,2995.77240166503,8641.77131069088,27665.68209723364,6300.492144404499,8439.754353441162,8032.68015574666,2026.548225331564,2617.931006946368,125.05497919734624,764.3500248223091,3650.265958228443,76421.1499195839,91192.99347061141,23093.90471270189,1620.4476806849507,5966.965491946795,8989.645284427083,3075.7635555199245,19027.25304245676,11436.848684359918,11867.529496457188,13370.91295768127,63186.98172708441,77109.2169363432,28852.407033935047,27028.11350422046,58120.0642901823,36315.28120470537,52041.936986292654,15510.299188426474
2016-01-01,23941.20399234135,1104.3511957888152,1440.101572565298,6531.923217900616,36016.73793015661,9407.006855287964,8201.322533495626,20594.662005877602,1638.339499462977,8273.283504941399,8246.963289128498,19923.70293466412,13968.693141820148,3510.8415300418314,7501.162055854456,5913.819315053886,17490.40639540502,9967.75583967888,4989.7648033563255,2856.3229788877165,7262.771143726997,28254.91123452015,6079.527534695759,7895.034931441192,7370.365882604328,2129.641486627747,2522.9617983071107,112.24665697099753,793.033828148876,3782.698857827112,73977.69805568214,91988.24159354012,21655.90493163267,1663.4908209195005,5825.032121488298,8472.624899648537,3104.1723444716254,18644.572076040764,11082.327588200249,11382.1913908767,12820.122387293657,62406.07722478457,75828.41500062944,26914.878782731837,26849.456629628552,57933.152879367146,34751.34567340922,56337.58787617147,16939.088019783045
2016-04-01,23090.96351905511,1090.4071842023463,1483.723077811211,6402.222292131353,38554.75179077254,8779.574217736832,7902.586725191439,20631.48186256228,1583.8260994710035,8168.89738101688,7995.989805666166,20032.59195474152,14161.669460593577,3579.591963069803,7284.115863588517,5611.54694636072,18831.503985163872,9967.979870456906,4790.5000162427405,2819.718849148775,7267.895940371408,28118.53587497183,5791.591446114497,7936.7853908944635,7079.376570119618,2033.223689819245,2594.07097724187,111.84827330065139,700.0179754313135,3897.912805931101,70404.18906996225,90889.33857912033,21568.378826321434,1682.5458692689383,5757.805027392647,8125.110718651575,3210.81492006822,19324.928104535513,10693.633137661993,11150.019574449823,13366.420801566477,66662.25988646035,73992.08435999774,26530.543331879733,26662.54535885612,51761.424690036445,34632.01086184318,59058.79654066554,17967.528982246185
2016-07-01,23379.32194419516,1024.4500035230112,1505.6548263544503,6703.757474769972,39010.59558063942,8781.273775887503,7847.062818401716,19821.035535755287,1453.4248455706654,7964.9922277398155,7968.669288453786,18553.519291115572,13690.51976919085,3554.8276072684457,7482.1853420590405,5487.6397116379085,17407.67592301609,9381.109503170246,4431.240356463807,2660.0154157426514,7220.765186752912,28172.38392406558,6045.827237323137,7413.556561389896,6764.782338343665,2010.6651913573814,2506.929471557826,103.86159094705927,707.3266217527299,3389.1405925959307,75762.20032236473,94294.60458153483,22660.918807463593,1536.4143642736046,5735.041795746188,7715.601124573177,2895.708795623043,19259.511741239054,10433.542758482225,10086.736372048705,12851.898129339917,66560.73896916768,72625.2080772053,26080.202624952573,26543.115946122358,51882.96248642695,36774.80309839697,59084.41797627334,17857.444636775355
2016-10-01,22165.430317804014,984.6572395201097,1539.1969766964648,6663.806528147902,35417.32820786334,9333.251663104493,8003.077385509286,19931.916488828756,1473.6821259647404,8533.712732135593,7913.353568581228,18590.057551578087,13336.237346349355,3404.743576039227,6454.674577316807,5364.621351565338,16746.69691742513,9793.56528551937,4599.55697114424,3016.4076232833454,6945.566574928634,27151.76583751634,6012.5870780384885,7533.502721761706,6671.596250025179,2036.6758391106816,2603.6114491434387,96.70655805447149,708.2838306946237,3273.5672752108812,68708.02146554345,87362.38497784187,22879.991580719496,1590.8969357161322,5617.730992638742,8140.3883026092435,2894.7448031409854,18756.950726316933,10674.277926785551,9409.737481888675,11479.087860326421,64360.00385400197,68270.2268909024,24483.009462108224,25997.402596112155,46890.73884249343,39601.04971278043,60059.08130624959,17603.874642825198
2017-01-01,21915.52003992878,1019.8412908533194,1675.8109256453397,6492.740119008779,35707.3772462212,9522.989505519097,7596.885940685315,21294.667862152965,1561.4102978144822,8310.064328496896,7812.5876410843,18573.936772001172,13459.8230545545,3455.3314010525814,6619.585703074166,5631.413955649479,17372.923620724778,9748.307196697344,4481.617531791682,3154.3133420100703,6715.7427778608135,25493.14772671734,6166.840758235002,6854.345901944972,7015.364327095173,2069.119369154372,2680.978807994968,104.63891916949791,722.5077607577207,3416.9114962155177,71280.48036482505,94532.5330390828,25035.079839743023,1562.8793082563514,5560.023916064163,9253.644008968884,2894.056677526701,20181.415780624084,10405.7344284629,8914.883197479396,10662.20960972292,69002.60508992709,75564.95304308292,25484.64267182626,27537.380627313225,48133.521601948254,45573.34032611632,61482.98847097959,17835.509657244056
2017-04-01,23589.782285335677,1045.014913381584,1661.392541921872,7035.717326724775,34494.529574054926,10703.442118369447,7393.126337866516,22354.22118981622,1486.8576380649079,7813.79948146981,7549.738339120362,19910.15527392115,12929.70746526175,3462.1061631125913,6880.711027590601,5660.430732480653,17269.268639229616,10376.471152623144,4416.121404915184,3045.128028504011,6654.991465917412,27903.30900684308,6077.921129213145,6443.345497506826,7211.890560029119,2072.2715930375625,2722.7083287534833,110.64480857852487,716.4542125941161,3340.5123430123153,75818.17956999376,93293.0817381039,25565.025489203053,1599.9322333043806,5794.107600304731,8928.715036620384,2897.812023124412,21381.05778689568,10389.667360621603,9741.235912416178,10688.008720725016,72054.90805124017,76423.05306806472,27673.325870727665,29462.561467326326,41785.16734707995,45248.18499145524,61778.05099030982,19209.698638668837
2017-07-01,24160.028530353164,1041.5815481201641,1438.0063293641917,7093.565460670482,38108.45221402853,10458.13524914098,7581.408950926311,21404.151811766267,1605.7813904216723,8487.479933130378,7744.203193662731,19837.072014865123,12844.485374877715,3731.1466179155977,7608.084246191754,4908.6449572314295,16941.207461852642,10332.558086838937,4353.480094957054,2882.740320024041,6346.942012311664,24746.479455755998,5625.174905163558,6386.5148649490175,7330.5134538324955,1979.3699249393744,2779.286337645902,104.00323908520032,784.1854663656115,3312.8896656850993,76246.3945091109,92774.37651726672,27001.475126157573,1649.8320844890604,5914.201459846959,9150.338010583562,2882.544473749792,20244.585382416255,10368.34248449209,11321.175041947707,10430.229610617496,72611.13291565406,80488.77865653693,26142.141065699987,27955.58851027729,37611.2659132886,44493.42473059259,60260.79596490331,19080.670721896087
2017-10-01,22556.936065070095,1053.3101562268967,1407.9082716438297,6591.876157389644,35728.004640347885,10263.629401155838,7566.45321721728,20784.27517020156,1500.6759391573344,8040.640150844129,7493.1318378367105,20931.69062187561,13869.364363024377,3624.299508034803,7761.93059531139,4981.935673894554,17245.547958132214,8063.052836602705,4431.2065746656035,2716.5953173490716,6531.583252664871,24246.720202735087,5424.0087285221825,7227.899493330234,8063.626702788653,2035.8206746405515,2730.84503761439,106.9052889711787,770.8748451466599,3271.463569472905,74239.97107119522,93096.54517526593,25164.003269411216,1658.1907806936583,6115.370635906051,9564.66108556635,2858.7591351780943,19462.269258355373,10401.668412058882,11292.959993757371,10468.946070771828,70293.00846213163,79219.86520271652,25551.053364544754,28129.290895309707,35430.16131872466,43139.11918338286,59871.318642319806,19250.36311862102
2018-01-01,24987.816246626524,1116.612348366444,1383.865032930533,6357.869879284413,36370.71363100605,9671.754208078544,8091.591976903141,20139.71342868118,1421.656828372258,7839.923937401672,7482.526023237413,22528.728544072164,13852.353443446114,3607.2227262226525,7874.956249118902,4675.750787615994,17434.752519186968,7595.37317806151,4430.9271728952135,2594.40899008877,7050.419429364079,24605.786748528168,5281.362213888505,7447.211107258206,7745.3688301293105,1943.2151295505482,2759.113054252849,110.98197734467031,791.4612815616488,3456.0360406551645,79857.40975218936,96324.02417263007,25820.726912889204,1494.085325325937,6001.530702413185,10533.779416731242,3057.391978357148,18724.384720436206,10971.954523652777,11895.951795184421,10295.38709159288,71864.817395692,85994.5166734687,25953.077918734092,28346.819979129625,26350.632449970944,42612.313690883486,60291.63393514137,18399.599378537696
2018-04-01,26498.979092414025,1072.6380708566319,1329.2712070219654,6855.361544839417,37354.25231935906,9563.751735877044,7829.5832926308585,18617.703432567723,1484.556788743648,8100.23036343694,7577.638894636307,21742.352412784025,13148.727622441074,3696.506604592781,7312.043167854281,4783.3094741566165,16865.001246466632,7402.566845026579,4511.641503358892,2640.8578369143493,7562.390163760945,24722.547822268407,5272.877828036133,7518.723937731247,7336.240306456497,1983.4935572780932,2640.734650391319,110.71541087784887,737.4688513415687,3364.5286149951494,72266.71833431422,98086.59590226135,24235.934188965588,1501.6505126362076,5843.152392452616,10398.139906814691,3156.3789820404713,17733.636187467895,10675.699107400418,11943.326210719863,10440.4835783633,74705.13798729783,77892.55559598772,25225.050843115012,30048.88545057828,26033.24898217067,43491.67846275055,63115.04574783971,18380.914806721663
2018-07-01,27030.45740924579,971.2032650039796,1268.4642862781443,6802.642309888943,39206.12976559002,9507.806384485955,7745.979911902052,19164.33257940801,1495.565747793336,8111.411396038074,7471.400541334544,22764.980122651028,13641.465994457172,3512.2533000169515,6857.518116313182,4407.912933540907,15158.947379728135,7475.069736025819,4400.597916785229,2657.348187645041,7645.184479503808,24089.738205513255,5480.478498443941,7400.187844394472,7476.7561414552765,1906.8745522968197,2649.0553695469907,105.43015448598078,722.803484373355,3350.4083811189585,74417.50756371322,99002.47817300171,24942.066974111265,1453.5646771918525,5917.565149954063,10064.846962808595,2823.359669953189,16832.325251082424,10849.847980488143,11803.81652443493,10153.365929386075,74213.27382033656,73958.09628379582,25345.445608230508,30459.731825587194,20798.264449603128,44240.15628185012,62665.20536569847,19582.890364079918
2018-10-01,27685.14580984708,966.0114742873997,1437.638206698505,6160.986288388174,39480.27464129828,10031.148494656754,7610.598282247006,20146.700442365294,1511.5339371254,7989.87864821369,7598.251320323016,23895.572825113377,12802.815226524372,3742.154222978463,6832.518661128913,4960.8034981125875,15621.135790046304,7448.245046323834,3978.00152782511,2645.5309962454403,8034.105977849197,25032.668260400587,5663.35254385818,7714.260120555057,7252.1217521650415,1891.069254610655,2754.982548446178,103.24991364769173,737.1269522799886,3300.833269522934,77888.61057408343,99468.89540747614,23440.365822735133,1607.7324930715417,6421.989127441222,10113.379750725544,2779.4192610268105,18116.93002880525,10502.802241486675,11728.543786880962,10045.37513563645,79366.81466059404,72835.6115981604,24585.564507637784,31317.904723732878,21312.06402197911,45236.79393723886,60325.23488334082,19594.88626543888
2019-01-01,27287.8921952866,876.4416669174191,1448.5663576705326,7165.7629467593515,37577.48887529395,10785.178917157815,6758.155617453637,19314.859494389686,1561.4175923027797,8562.78666424811,7403.770695256438,23571.278891935395,12661.420498686817,3665.4868138593865,6686.317394598848,4884.500761629992,16545.762848918326,7207.074993721133,4092.2853216409208,2906.2151139671605,8624.175994161382,25195.956363963283,5579.602290852756,7159.411627711922,7571.079369997317,1891.097984633365,2889.8283889867957,113.04895406607284,723.7054638175466,3342.745469361887,87467.85871925484,105812.46534334884,22268.48576344413,1709.9783385418552,6330.652585214352,10514.38572937492,2802.0157463432315,19892.058879057648,9752.824324866786,11635.81881240217,10420.137198627872,74408.34082635259,70781.92643171673,23403.138472147326,31750.887078653042,17476.497081880796,40831.27075222168,60827.59767064912,20099.404989068127
2019-04-01,25710.9996368361,878.9852820614557,1415.720318190332,7165.668318346571,35671.76283930656,11409.442720248322,7793.41158313452,20315.8986898037,1674.579236516914,9130.2601065851,7534.757545748192,21388.138660122015,13818.568135594973,3597.5606752365497,6516.857409801897,5173.823525266171,17081.75335090121,7830.514727242362,4004.2209484279524,2940.4596310577663,8030.918194510481,26007.101650699973,6053.709214671154,7560.52767660932,7880.260334236399,2068.732220048579,2895.9648119719996,114.36968140246907,748.1828078801633,3220.167489380076,87951.37401706626,121044.38930680885,24417.106055120756,1609.2215974589958,7004.013633224981,11451.963490075059,2750.0903837209235,20672.584048059496,9549.649505796871,11790.619683845636,11058.065412774804,71154.93546045729,78619.51012750037,23371.282292047752,35389.60887155748,16293.89163087288,42173.02664009908,63780.212411046254,20997.030767823737
2019-07-01,26861.438707097786,789.7107578556506,1398.3307785606576,6650.676881769551,37074.47457974813,10955.335879621594,7737.741391634608,19497.235457566225,1777.3806586420178,9061.88038052129,7253.067337307351,22079.08751074856,13343.096190256992,3701.5749380876555,6446.89774551975,5140.563449130865,17044.17494844198,7500.261382356555,3906.968914526195,2946.7787871948744,8351.114780821832,24741.196951868405,5563.050038106729,7941.578268783094,7874.034738060011,2071.409168103265,2794.0269763470023,101.91950078601757,691.29304552326,3377.7080281746057,87736.16482729574,112574.72842293419,24006.05882834708,1616.7886099002944,6879.912156929388,11342.56060695773,2726.569179518479,20222.15858251944,8662.1972267573,11233.631204290594,10763.981024272704,68960.82598544433,83585.86688780945,23066.19619710741,33102.007022192935,14439.523852753815,39260.58381508835,58799.577191347904,19391.531328352696
2019-10-01,25651.99857571067,762.2428256895472,1355.7860567566972,6988.497530656588,36292.635588137964,10532.32585964946,7726.800741103322,19643.602383260666,1871.1534061176349,8303.690804106693,7993.910603969806,24037.437166844735,14614.865260430526,3289.0138782486497,6884.327048383535,5342.949762200585,17681.788067942707,7054.043650988301,3838.0716506002345,2949.0556644819935,8710.546977474933,23895.84971754216,5697.943515142509,7826.768541239785,8285.061566746113,2157.922358045224,2635.296636096663,106.96731779306839,679.4856991007497,3744.7886254634855,81843.25017243992,103405.91274722664,21560.975391771288,1575.2400637625026,7575.752118562031,10651.58157461821,2683.334735805688,19700.849429735175,8413.505108817753,11742.706764642879,10994.414039752055,67808.0345013153,88970.26594386525,24307.25872514182,32791.583087826206,13919.61777485286,39026.81442596116,61672.63118600209,19362.95164795856
2020-01-01,23328.079343024965,776.1505365979872,1380.7272626205097,6913.92762926087,34689.484418670356,10793.571622900114,7518.769203776343,19005.319558056883,1807.8507014245736,9133.79447676706,7899.910116797199,23684.65633159033,14382.652922654961,3254.380681279986,7334.519335053066,5311.194588815445,17518.655647614032,6356.040731339726,3682.3816489215105,3084.6492418643265,8077.946013163011,25098.898386038785,6247.003110319691,7442.872813812604,8571.831965436844,2223.452290568279,2417.3460174274705,104.74105718326251,795.2687497341179,3847.479682940341,92088.81052086604,104882.68569719594,22061.809559923957,1606.424372431691,7709.515734145071,11054.812320477688,2965.536905264205,19436.395424034632,8230.469693251982,11230.592552958851,11069.345316393266,72182.85196480551,91229.86300024645,24284.3880049227,34198.45287504467,13943.585493632518,41544.82098248151,59936.07821893911,18154.216578343312
2020-04-01,24761.52466130155,809.3108269675834,1371.142220607761,6337.007571751824,36754.43033172483,10472.332030309766,7425.877064799001,19799.10495505611,1752.7137931403786,8946.33564645775,8570.663814013054,24129.659328796308,14266.245373056823,3386.552360098296,6681.910117649597,5074.85282078045,18576.602930462413,6080.522097745922,4034.602556156344,2966.301975593736,7834.986162160352,23420.904562273638,5960.553668836204,7712.776442230646,8515.955744378987,2147.832235504946,2272.935943601445,108.48832438713372,791.789780429197,3892.086423660517,94624.62689896688,101040.3189118084,21859.934347596165,1565.0977460966,7217.268965510645,12055.300765346206,2960.5984409578296,19849.395533904084,8704.496464704203,10467.122732076294,11167.210869836377,76472.36478491676,91789.27010169733,22652.65667123549,35688.28199477479,12534.427882790245,39918.04094623315,59248.031510807836,19686.887114626843
2020-07-01,26573.902040106233,778.9294438259806,1201.8693530805522,6084.546344110205,37918.47759576717,10195.460839317158,7867.294720209155,19322.822434421883,1690.1012855408114,8441.473426842342,8812.059433921751,22044.28287223488,12993.973874800244,3390.136381611984,6478.673309829099,4953.034154710144,20085.08736690222,6518.906454843857,3897.2792633379886,3265.085417005449,7483.468894117766,22761.18832803953,6303.789552612527,7775.689322960055,8743.281886109375,1856.007199795772,2084.8016025422494,121.62999689076895,817.9356853105734,3493.752242421515,94427.86777462343,106069.53798388134,22039.227151630825,1607.3900280914672,8299.564346596197,12113.655836827544,2901.987748214556,19174.222255789664,8194.720549809896,10634.875662221282,11365.60441182913,76109.5819795594,94761.2144041872,24307.105644543517,35754.163755277965,13950.679211831153,40511.99009637321,60105.696834974646,20500.503864705588
2020-10-01,27640.44400392079,766.4693534258766,1217.9800956483027,5980.80262523382,37263.90349715602,10853.642300495016,8920.357479042448,19413.777828012648,1829.2651322582756,8815.307605641772,8953.691775256702,22521.20398314605,13367.293060507718,3413.056439783273,6930.712692174606,4678.45981641802,19532.27789065145,6020.65399026195,4145.362803907237,3379.2479853800587,6879.833421352571,25243.439346910905,6422.5000102341555,8453.347529167255,9200.271265516694,1853.1677139787002,2091.82641294282,128.99842213381166,863.978282545482,3540.5325923254977,99569.37347413799,110651.59423991194,24596.337197587156,1633.824406098294,8831.459034802989,11969.388438132193,3075.604873612643,20369.31769899315,8614.975973221926,10941.501162164514,10738.536697336018,78230.21838743413,96100.46940047626,25129.569754782693,40187.69418536985,14227.332072701269,39893.05592367471,66283.14660538218,22373.06077365615
2021-01-01,27441.430681380007,829.0474906957636,1198.775199853013,6493.941751996741,38848.00506182252,10823.411343876991,8583.576417131262,18924.33215212964,1921.403309256315,9000.488586392172,8869.898244471422,22491.198289686647,14332.380426406105,3096.3335814382567,7637.295353792261,4584.041742210364,20101.49953949854,5508.774671025292,4277.697779567684,3080.6372396122415,7416.305940031803,25720.408579728875,6817.043147490647,8127.003617793164,9079.982344200565,1935.085517076675,2015.0227720658909,103.8967415961926,847.7631200554086,3583.7845745234613,98042.43271234767,106936.14971222696,23248.119085242448,1559.7920966833117,8820.394117178532,12203.662322360813,3036.7658311899136,22158.312068077958,9081.022340494972,10613.86836552652,12315.13361187446,78284.44456418048,92017.34236101549,24705.07686817562,39772.86630424674,13895.390939874454,38575.120446787834,60038.971372798354,23553.0589655678
2021-04-01,27938.599764317438,857.0124778387247,1261.3958986609791,6666.058380380182,40313.4859238274,10814.299197913362,8161.380529516888,18590.580568194986,1888.631311654356,8192.62964314123,9389.477795464461,22891.047824349127,14720.136846012645,3534.8567731894723,8022.206602077009,4506.480944625403,19798.745558350933,5862.20821763993,4669.728112901529,3358.006570412101,7451.133487828354,27164.29971649639,6924.570044429062,8698.876212454767,9847.73244388437,2098.4245464350033,2131.470986262115,112.27641013697409,805.4544282865692,3987.9455962584325,94964.36578131105,107128.04200146583,22722.451402822328,1580.8815052874022,9535.172549233925,11745.037498588952,3053.3918617019476,24902.44420274719,9085.983648030115,11522.457467177228,12486.508766296534,90076.27259487823,89759.83522493427,25745.731894004046,39117.72041480371,13852.868452373097,41360.98455156147,59544.8648560408,25329.429532328642
2021-07-01,29173.673885698994,832.9128931955139,1224.7074871816046,6659.696039868613,38703.11600216733,10361.432031953109,8356.431965705973,19475.872989864623,1894.793533029517,9114.37147974171,9552.59574685332,23617.88276202274,14064.43393853359,3362.5331668154004,7547.81010171662,4140.504097099255,19502.568528832016,5849.79580303582,4272.6700993860795,3346.09772164423,7244.4396906301645,29081.737102864045,7441.4968298689455,9249.723039970402,9751.206164435915,2177.714685642234,2073.2649061537827,115.6373193225539,829.4767152072822,3500.7921626244975,89957.27123169844,116567.33793705169,21930.54097852986,1581.6047411425636,8293.878220241579,11758.482709037587,3059.790532543272,24995.545057865624,9699.555579131435,12721.280520065922,12118.155666714827,97693.2205741038,87949.8894846594,24969.026349879507,38836.066736072375,14453.957283160373,41818.46714402202,57009.466178931914,26112.390167118716
2021-10-01,29010.151443171628,876.1361817793152,1171.6624191319465,7079.410095099134,41056.47054638312,10716.48677660551,8542.415022361198,20188.784079555935,1958.9343514557854,8909.873863108347,8560.864305538651,24249.918320064517,14656.133046678447,3271.5770569138713,7255.613399690226,4040.5876334345594,19894.522064351288,6011.654123146952,4492.094007352144,3604.03804947518,6731.3878235523935,27937.480670633693,7283.438677298802,9309.22146626893,10895.202290221132,2282.239387635058,1934.8527645285137,117.00082237445514,758.7499372236708,3619.563441829655,95362.96189801162,122988.36215206386,23969.324837367494,1568.725390728722,8942.271592077519,12672.769222544508,3008.3926667183964,25170.843891860844,8926.24013259688,12398.568590424593,12600.195084238367,108414.20070466898,90249.05650836829,25922.66995059822,41060.20859336003,16273.282200350373,45070.042970700735,57375.052115620536,25395.71600756278
2022-01-01,30380.25795992297,947.5364465718708,1216.307235243462,7038.743392648027,38345.128554164716,11907.693744502996,8414.76266991639,20167.473170004436,1924.9266119798015,8643.451757472469,7667.806583056298,23480.393199914804,14164.690429808194,3290.101896951814,7227.5903405803665,4297.2162883453975,21139.644961449405,5515.459167265655,4708.865223130434,3699.343232615415,6660.942661492983,27128.035274473466,7161.629880974069,9867.069282059896,10820.343420254756,2132.11814536442,1715.4691735234153,115.10787354508835,714.3345271562877,3376.7673635467895,98913.19825954089,118960.83640663899,23503.932483428973,1497.5404147581112,9283.671059674316,12681.367699251254,2855.4739286173494,24297.709697000224,9352.110590758255,12549.164781139494,12564.799955974144,109234.28719586767,91557.46073068456,28513.389948583856,41845.77463680897,15742.651249771268,43433.76331584922,55631.760418396945,23486.475634422935
2022-04-01,28635.54416399781,919.2268744664351,1255.480350283232,7813.890763321212,38666.81049261296,11235.078821526626,8934.954966190973,20287.90587932317,1924.790385745826,8980.974611562457,7255.019407281696,24900.137579049446,14641.640659417446,3579.508151450876,6526.064269322732,4337.106680317675,21723.10992311698,5731.504309619243,5121.862474627502,3558.58771290522,6976.409138649645,25764.893931466064,6966.113252763945,9895.857775057342,11027.871174797263,2174.3084896405594,1830.4170117183555,123.36664602904509,746.9946649048401,3256.608064133366,104418.20492602958,118056.34898009038,22548.491796834624,1381.3163029463667,8950.788892127739,13212.999455246993,2767.183287067006,23966.14929224807,9572.567234333685,12663.561912415984,11971.429042139334,115362.487940051,83520.73565742237,30535.47360346163,40612.547480193614,16542.165688804733,39841.449943236774,57602.50482397337,24812.144354288517
2022-07-01,28808.714189473078,974.4687087205822,1322.3469347080002,8083.895416734725,43191.58876258583,11630.574650426475,8453.355089033808,18819.60187711155,2079.3180992109656,9541.27592419924,7857.321095198181,23486.24930991402,13728.62148403649,3566.6080430593324,6956.565104004355,4540.744732181621,22563.04457144173,5798.554628831374,4850.3679475028275,3809.3185177695964,7607.666939784052,24824.33564361302,7209.8343530957,10308.542300248992,11970.426633257946,2260.7832790638413,1917.350945211823,120.16704968155516,757.7268982687776,3507.665312484298,114498.0131684347,126251.57082194692,23205.23495652009,1302.2627785927018,9649.854507682001,13036.04015241235,3025.9862296213255,25827.841285913004,9154.667025035418,13259.014943620943,12839.827311618907,120400.04761343615,87129.17911187204,27773.81738444225,42320.09135761621,15049.875639653754,38033.48775435054,61165.44035062163,25813.987293049766
2022-10-01,29371.484418136915,941.0347544538619,1321.587552989749,7612.1436940625745,42165.06710623309,10963.901009450014,7961.389152295257,19225.529129648625,1992.7373623044625,9037.781448987187,8604.967192098495,24324.520284860213,13439.877186382852,3357.359125070082,7087.482172146272,4368.2140214604715,23143.894526929627,5690.109695771839,4473.7469043773535,3741.3244278208917,8087.373593377146,23357.308828467816,7827.837675520078,10064.39913751541,12267.288211066798,2320.0262074271573,1953.7374586188932,118.229592321212,750.5269731121621,3221.802458379358,110461.71609190878,132906.89389623894,23253.240289228816,1259.8481521501249,11133.614774195546,14193.386549603501,3181.6606131443627,25236.02417234204,8686.111536066725,13833.520600547054,12069.140155843852,123306.70342407654,85164.11520593561,28108.367228883253,44140.03210716141,14923.220441132535,34291.92810852774,59143.44020524786,26099.009922715406
2023-01-01,29478.184216149875,1010.506871157134,1287.106840713497,7531.33818394215,42106.54401846061,11791.705544339688,7911.910202001457,20269.878815541102,1981.317602048172,10235.205324546454,9095.276712315164,24689.87769506868,13404.551425756965,3720.0522391817767,7855.056566858334,4452.903321317426,23318.233654221356,6223.527965955571,4749.002222824393,3781.93084590424,8228.583334832752,23844.78704553651,7831.250876587763,9991.116245027253,12721.61005672388,2371.968634022706,1928.3933216124146,120.7584094950674,798.3946623453942,3326.5490866499463,125679.57292368372,134985.88575804402,24766.838015970985,1276.486485224984,9989.552920188118,13250.690102221188,3010.0703760680176,25747.44377536094,8811.265427483637,14561.189650900242,11925.78784772327,126747.61585764676,89674.76158896739,30345.59462598819,45988.8877773205,17892.6738407736,32107.124602651278,52874.04057047443,27478.673934782164
2023-04-01,29873.234166402766,976.686468863591,1419.7906261404833,8114.668233820651,40647.13190959922,11981.773348185034,8216.311049325377,18473.94779386026,1931.64433620452,10062.416678559443,9519.910777823428,26759.14772045284,12608.925261265855,3578.5858954592695,7215.604250201801,4421.065417729443,22150.22045572523,6231.7114378309325,4601.75504129483,3555.2720929675816,8136.015297056622,23757.161184656266,7777.5476101305885,10725.547432645624,12747.50463181836,2448.334460676376,1849.8332125490078,125.16318020327736,756.2408509437387,3257.197420833807,103010.79093964015,140172.15138268232,25872.28098556282,1356.2555421373413,9961.373346225246,14261.970371275034,3088.542852000948,24054.582942850604,8494.548778489017,14018.889126022003,11286.259906397649,114821.75993842048,95429.84548088658,32257.157655762192,45072.39076023893,16860.918541552353,33721.92874976752,59129.746106145525,27639.116091007483
2023-07-01,31825.821901899046,971.9338627428771,1447.1402919909706,9177.818074607632,39063.588289106294,11734.37793478802,8112.789579014512,19325.85432403306,1955.6562203341987,11989.857717034674,9928.707641728093,26746.98884077977,13608.3190719527,4154.131480007652,7301.563322579333,4412.562231704085,25575.59554283465,6246.855288197315,5064.36845336869,3763.2592804969927,8330.433453704667,24050.162962312483,7796.157026541112,11136.510849679045,12403.247927946142,2739.44241889165,1828.0425671101973,131.34805772817276,828.3416088506344,3357.432868181511,122562.25811217337,147113.32395347528,25467.05725481844,1437.6976374392282,11008.517676692818,14716.050675427716,3185.4055494810414,24998.567834697744,7990.62142257707,14772.820895941573,11247.445424281557,123195.11628794961,99967.02606858591,31211.85809537165,47796.50421702457,16194.236531835151,38002.82128631905,58825.80876796585,27923.78892149727
2023-10-01,32076.4777812768,883.2297436822178,1639.1294608156886,8693.406152968659,42608.68773036353,10702.566351512332,8549.29178524339,18447.278057189113,1914.2132222369423,12023.529286020415,9188.48999167992,27311.731552116158,12878.16415162887,3574.364826080211,6998.469313183943,4244.5467663455565,23771.91916859779,5437.9013024939695,5106.627532708216,3438.2464804769593,7866.1751339386,22762.775448283788,7842.810128493731,9745.471793331853,11582.627884566606,2818.8692047053873,1713.3299367107459,125.65356339047922,797.5240175006542,3174.773644354427,115356.8494377207,145258.70029378508,23687.946950716956,1482.0714880096152,9181.986993661976,14534.832424745808,2953.0299137309325,23518.303834496866,7647.796677404045,13755.564473445402,11482.875840314264,116742.12893948279,95003.36967069449,26255.50904662739,44955.731313662734,16511.159528155626,38472.675828545,57131.28559621356,26270.36443012773
2024-01-01,34706.556693740684,855.8616809154287,1525.1341460901147,9243.084207878399,44862.9314785045,11487.274845750557,8678.256329292068,19064.311686793873,2057.6853142812442,12974.754015999353,10200.262627751092,27218.866124811797,13125.706304609117,4046.665037248015,7126.41188841525,4245.1999974379905,24818.19263358979,5865.445845728722,5436.413112265882,3541.760689235049,7978.410915603854,23914.499913991927,7744.609982918935,9726.964582627892,11730.965510180436,2915.7845308262595,1735.315293176279,119.00973487585594,834.2357633083552,3235.7730906056754,122321.44236410747,145008.83402431337,24171.717464224876,1582.0303341916324,10612.446213389228,14249.38114211103,2824.4428016277448,24075.942819623204,8104.923712985718,14768.207677653432,10281.397555925078,124962.63783228552,102025.84969065367,26553.649843830193,43180.66397970516,17361.46357885858,39970.41010987173,59221.83579122936,26582.81918303024
